classification,count,mean,std,min,25%,50%,75%,max
Extreme Fear,63.0,5.755586467206927,106.47911867032273,-227.6743479764976,-65.42705871495173,0.908579383877214,91.54156869650355,252.74416525343548
Extreme Greed,46.0,13.38021813654608,101.19961759933683,-193.3554129385916,-67.43890825396343,-12.587834698143846,91.99919456352293,209.71839134631384
Fear,77.0,9.270038289614561,89.63207562526277,-263.4882446762522,-45.12904697383686,23.21802554488242,53.50321696505892,256.7577726644074
Greed,118.0,2.701837162588089,93.95236385982581,-205.99915618705725,-63.30273168045404,3.548362564944756,73.02745785744422,235.74171151870425
Neutral,196.0,12.85387715543858,91.54600209442512,-248.95023232654768,-52.61347586734335,14.920627037089167,72.79747655204609,234.9291766138967
