classification,Trade Count,Average PnL ($),Profit Rate (%),Average Trade Size ($)
Extreme Fear,63.0,5.755586467206927,50.79365079365079,2530.8909651865793
Extreme Greed,46.0,13.38021813654608,47.82608695652174,2425.5364554947287
Fear,77.0,9.270038289614561,57.14285714285714,2700.9085489802724
Greed,118.0,2.701837162588089,51.69491525423729,2454.165606134876
Neutral,196.0,12.85387715543858,55.61224489795919,2437.2253706886613
